#{"t_start": 1583747727.9534037, "env_id": null}
r,l,t
36.655116,200,2.061904
38.401632,200,2.832892
40.960505,200,3.675891
50.621927,200,4.405856
60.748525,200,5.093802
69.48076,200,5.919795
48.676662,200,6.641371
48.649508,200,7.535368
49.407603,200,8.295299
49.869184,200,9.230736
50.985606,200,10.084831
48.109409,200,10.959587
42.230077,200,11.726233
77.37058,200,12.652018
60.772445,200,13.517573
76.09711,200,14.275949
157.586859,200,15.128212
195.80792,200,15.95989
152.02032,200,16.733892
180.62425,200,17.672577
197.544096,200,18.503125
239.325316,200,19.390503
209.475482,200,20.357689
239.155409,200,21.239699
250.089206,200,22.053688
124.595195,200,22.853487
203.805865,200,23.648919
206.881198,200,24.445651
153.455613,200,25.296137
188.665858,200,26.272925
252.390187,200,27.110906
249.780972,200,27.973179
168.662166,200,28.902744
217.896776,200,29.639321
175.804026,200,30.389296
193.291768,200,31.324168
188.042758,200,32.100945
240.037565,200,32.882688
212.801529,200,33.60961
148.565057,200,34.372033
227.884547,200,35.119361
216.615834,200,35.911068
199.579863,200,36.814728
224.42782,200,37.558975
239.866103,200,38.320268
249.996315,200,39.165639
242.597407,200,39.924569
249.535673,200,40.715036
228.546896,200,41.477978
246.041578,200,42.375975
258.372919,200,43.089652
246.731968,200,43.850682
262.898038,200,44.578913
264.388473,200,45.337174
249.929528,200,46.112238
252.727106,200,46.904555
273.758459,200,47.790772
244.321271,200,48.535827
267.563152,200,49.371594
225.247596,200,50.116347
251.669465,200,50.973638
250.625541,200,51.733183
249.058325,200,52.525796
268.914795,200,53.53538
229.151394,200,54.305384
222.11461,200,55.0726
243.709829,200,55.901334
238.290388,200,56.683608
243.687479,200,57.451382
226.622269,200,58.207135
264.331812,200,59.046525
233.471451,200,59.893093
199.846673,200,60.763617
260.585326,200,61.546619
227.38373,200,62.36266
243.618279,200,63.109715
239.552237,200,63.916293
214.695616,200,64.804288
226.68089,200,65.594314
216.778759,200,66.383422
204.385501,200,67.222012
261.729709,200,67.996032
217.094151,200,68.738067
205.222799,200,69.549471
198.783817,200,70.470468
230.303969,200,71.275761
218.923221,200,72.053326
252.173854,200,72.97129
216.488121,200,73.790692
212.266626,200,74.528305
225.08711,200,75.47753
213.484867,200,76.239026
213.986568,200,77.012398
221.89339,200,77.818975
231.814886,200,78.596244
228.050704,200,79.348062
207.899283,200,80.118571
234.630047,200,81.230084
203.150342,200,82.047933
228.084661,200,82.927798
218.569917,200,83.721588
237.727074,200,84.504181
199.69909,200,85.317557
221.24033,200,86.232437
209.795816,200,87.08391
225.453062,200,87.885913
243.8181,200,88.669618
239.527379,200,89.411568
220.78739,200,90.17741
245.692787,200,90.979106
271.807292,200,92.002138
278.031087,200,92.870168
289.527367,200,93.666007
272.311521,200,94.459036
286.351372,200,95.223935
294.392914,200,96.093032
293.704125,200,96.899673
295.940595,200,97.849741
290.399718,200,98.649032
290.837462,200,99.436076
292.881702,200,100.228706
299.664162,200,101.019256
295.398576,200,101.921203
302.824125,200,102.851716
295.779065,200,103.699492
295.787115,200,104.659491
299.348879,200,105.517819
290.470215,200,106.353814
280.835819,200,107.188137
290.054935,200,108.03737
288.790237,200,108.903172
278.415036,200,109.733226
281.693561,200,110.491202
287.796698,200,111.345047
276.709404,200,112.146403
288.744682,200,113.110407
285.41284,200,114.031641
294.469467,200,114.810314
286.911128,200,115.704312
298.848689,200,116.538241
287.179931,200,117.338913
289.420248,200,118.100732
302.067761,200,118.95221
288.256682,200,119.812629
281.593765,200,120.616103
285.755198,200,121.464663
298.584539,200,122.245438
304.907925,200,123.131576
304.627688,200,123.92107
306.807161,200,124.864287
303.147256,200,125.628012
306.206425,200,126.514167
300.936795,200,127.37456
301.589426,200,128.160972
301.945379,200,129.029688
305.907461,200,129.806696
305.773013,200,130.79269
304.145773,200,131.597309
303.465285,200,132.391875
304.219782,200,133.252065
305.324174,200,134.127851
305.403385,200,134.930696
303.092923,200,135.836701
305.082583,200,136.672876
302.485747,200,137.575545
304.496064,200,138.373552
303.434686,200,139.133602
305.344266,200,139.922024
306.373665,200,140.756627
305.434762,200,141.660607
301.968769,200,142.518852
308.242744,200,143.288851
304.487198,200,144.321177
303.744897,200,145.326171
304.976506,200,146.165969
304.282468,200,147.063742
304.676784,200,147.901141
304.436975,200,148.710903
305.089919,200,149.461164
306.978069,200,150.258338
306.497053,200,151.068729
306.589207,200,151.927318
307.707774,200,152.794847
307.866319,200,153.561396
305.821443,200,154.448428
304.825039,200,155.238385
306.81223,200,156.050891
313.562326,200,156.833972
308.207408,200,157.763722
306.622414,200,158.522459
309.429347,200,159.318264
310.205846,200,160.073177
83.255908,200,160.972044
305.621836,200,161.785311
305.149572,200,162.552776
306.494274,200,163.440816
306.307763,200,164.190757
307.44751,200,165.069405
305.917808,200,165.888618
303.459454,200,166.693866
305.28145,200,167.584738
83.126658,200,168.515313
306.456992,200,169.343592
306.10487,200,170.086597
303.648713,200,170.962638
304.275776,200,171.775759
304.144876,200,172.593653
299.5631,200,173.377783
300.974548,200,174.346815
301.479757,200,175.27263
300.403233,200,176.191632
297.757945,200,176.987333
303.066041,200,177.787271
302.273502,200,178.577502
305.561011,200,179.440911
300.707783,200,180.295908
82.844936,200,181.186939
82.668188,200,182.07104
303.612162,200,182.858726
305.03123,200,183.636192
302.486979,200,184.449343
303.172778,200,185.34632
82.725998,200,186.3656
83.017888,200,187.237613
82.978518,200,188.11415
305.262196,200,188.897351
82.850813,200,189.732011
82.833752,200,190.771909
298.262349,200,191.597431
295.991183,200,192.430659
303.034297,200,193.244447
299.56922,200,194.066133
295.892906,200,194.880274
297.382708,200,195.775941
299.875053,200,196.710938
82.883132,200,197.681984
296.795028,200,198.478871
303.058501,200,199.239489
293.73856,200,200.015546
298.745268,200,200.861546
301.141716,200,201.819843
289.730744,200,202.622866
290.153293,200,203.41778
296.88544,200,204.230944
290.491202,200,204.981126
288.614791,200,205.943588
286.248735,200,206.976279
275.19178,200,207.786488
285.317847,200,208.587773
283.237713,200,209.340441
292.811923,200,210.138008
292.178417,200,210.938205
283.795551,200,211.762848
279.757768,200,212.66774
284.232765,200,213.457942
290.618856,200,214.227233
280.91509,200,215.017727
292.982481,200,215.849531
300.277619,200,216.631534
301.483416,200,217.605492
297.220336,200,218.419229
290.007664,200,219.209799
297.107256,200,219.964115
300.345878,200,220.802217
299.811745,200,221.632101
300.514724,200,222.454162
299.485928,200,223.351776
301.299908,200,224.119674
298.298399,200,224.920502
296.251478,200,225.788478
82.948371,200,226.682273
299.488322,200,227.51207
83.101658,200,228.519736
301.456005,200,229.361022
293.493789,200,230.119652
290.659043,200,230.976459
292.392531,200,231.749867
300.785254,200,232.571936
82.825547,200,233.436332
300.847979,200,234.320808
301.005816,200,235.308245
279.939307,200,236.289254
284.953935,200,237.265241
294.699824,200,238.320246
287.172895,200,239.351242
294.590355,200,240.659242
285.384099,200,241.679244
296.965407,200,243.043244
279.172266,200,244.385244
295.507025,200,245.362001
288.08312,200,246.160353
294.498622,200,246.964997
293.007363,200,247.756818
284.759839,200,248.564933
294.739786,200,249.348932
82.608373,200,250.207633
283.364611,200,251.12262
297.46521,200,251.921335
302.295836,200,252.744921
298.799665,200,253.518826
291.70635,200,254.309973
292.639991,200,255.085072
289.03557,200,256.00538
297.296391,200,256.916721
296.196214,200,257.748719
293.885814,200,258.609015
295.426631,200,259.487626
83.027092,200,260.417149
82.910253,200,261.383596
302.576449,200,262.263783
303.437585,200,263.070743
302.906755,200,263.965743
303.51698,200,264.743244
296.631671,200,265.580358
305.271679,200,266.435737
302.5456,200,267.344232
301.476961,200,268.141466
304.853428,200,268.9099
305.651496,200,269.921272
301.025662,200,270.885269
301.178709,200,271.716724
304.445489,200,272.636063
302.264269,200,273.55671
303.795662,200,274.343685
296.914816,200,275.106258
304.072835,200,275.976734
304.850444,200,276.764816
304.676907,200,277.57359
306.096394,200,278.459286
305.226773,200,279.218654
307.595925,200,280.057647
305.879984,200,280.952644
83.092299,200,281.900135
306.029541,200,282.75426
308.582661,200,283.670921
303.676962,200,284.427474
305.561707,200,285.270774
305.058232,200,286.109318
83.064226,200,286.962351
305.026946,200,287.78512
302.423389,200,288.569426
303.418963,200,289.484423
306.589143,200,290.29537
300.884687,200,291.221403
301.792997,200,292.049817
304.369082,200,292.832097
300.378387,200,293.709486
302.753009,200,294.620486
303.240522,200,295.472064
303.641076,200,296.305082
299.6284,200,297.12306
300.988758,200,297.884921
302.619307,200,298.692413
299.921127,200,299.508283
303.88945,200,300.409259
306.292198,200,301.360255
301.741055,200,302.136888
302.290278,200,302.947728
302.731061,200,303.714346
304.380131,200,304.526221
301.662478,200,305.526514
306.426831,200,306.321448
82.988408,200,307.224333
302.345629,200,307.984754
303.612014,200,308.780318
303.074119,200,309.538202
305.519243,200,310.366183
302.936311,200,311.29618
304.858765,200,312.185439
308.736442,200,313.218438
306.853478,200,314.048658
303.936551,200,314.844679
303.253192,200,315.658665
301.13175,200,316.601688
299.591664,200,317.406378
305.305614,200,318.199041
299.446268,200,318.976411
304.094156,200,319.742184
302.606734,200,320.601559
300.929882,200,321.457735
298.467957,200,322.556738
297.219293,200,323.388734
303.462437,200,324.23005
300.688955,200,325.000072
296.840504,200,325.829584
304.433265,200,326.705446
304.379036,200,327.601638
296.6839,200,328.424337
304.412963,200,329.181797
303.536149,200,330.027227
300.663619,200,330.83019
304.118333,200,331.664212
305.406433,200,332.660212
305.430365,200,333.482321
305.194806,200,334.273307
305.739911,200,335.046203
306.155007,200,335.930201
305.206653,200,336.752759
303.460046,200,337.5465
302.445051,200,338.41547
307.308349,200,339.214404
304.982599,200,340.000929
302.387512,200,340.821913
304.695207,200,341.656489
304.474338,200,342.436647
308.898078,200,343.345296
305.233329,200,344.183903
302.91756,200,344.983855
301.917886,200,345.842886
303.792755,200,346.617217
306.623254,200,347.468505
305.0382,200,348.229922
301.308667,200,349.13999
306.062738,200,349.916721
302.661624,200,350.797497
306.476807,200,351.568856
310.814633,200,352.461322
308.15199,200,353.247063
306.502201,200,354.242065
308.226195,200,355.241062
306.528334,200,356.356061
307.214653,200,357.575062
308.32904,200,358.513093
307.581631,200,359.276161
306.277761,200,360.135654
302.814825,200,360.872017
307.268471,200,361.615442
309.522526,200,362.325625
305.852205,200,363.079932
304.153331,200,363.806505
305.20338,200,364.677078
306.403441,200,365.515605
306.306621,200,366.259883
307.720955,200,367.056892
305.621915,200,367.890432
308.9192,200,368.695963
307.350784,200,369.442198
306.518023,200,370.199014
303.371385,200,371.048007
303.307131,200,371.79826
305.76807,200,372.556845
304.183199,200,373.276495
305.499303,200,374.033417
305.293014,200,374.877342
304.628015,200,375.633506
308.978176,200,376.464933
306.066373,200,377.219995
301.654708,200,378.011166
307.118388,200,378.759747
306.097599,200,379.519349
307.295673,200,380.247454
307.613626,200,381.015948
308.618973,200,381.855215
307.650646,200,382.638683
305.834215,200,383.394513
306.9409,200,384.135704
306.459494,200,384.952031
306.947265,200,385.738938
304.115627,200,386.49753
306.075889,200,387.342523
306.925622,200,388.088309
307.781438,200,388.810435
307.406809,200,389.5555
305.97729,200,390.282999
306.45216,200,391.067928
314.282942,200,391.937912
306.181649,200,393.043872
306.696987,200,393.85316
306.559261,200,394.636645
312.360822,200,395.523611
313.017489,200,396.368643
308.437235,200,397.119993
305.859555,200,397.897177
308.966913,200,398.717792
313.290801,200,399.52042
313.333916,200,400.23534
314.035842,200,400.979469
310.505003,200,401.691474
307.067453,200,402.440974
306.622608,200,403.146192
308.89173,200,404.004682
309.247459,200,404.753024
309.847028,200,405.47986
306.546876,200,406.360888
313.918787,200,407.07279
309.993769,200,407.882404
314.275993,200,408.608588
306.817491,200,409.48526
314.277272,200,410.235078
314.277272,200,410.949544
314.277272,200,411.690656
308.145397,200,412.429377
311.152119,200,413.171158
314.277272,200,413.912527
314.277272,200,414.793725
314.277272,200,415.528047
309.274025,200,416.306306
313.099955,200,417.13134
314.203336,200,417.850629
314.277272,200,418.610028
314.277272,200,419.32536
313.57957,200,420.177248
315.213562,200,420.898028
314.277272,200,421.640423
314.277272,200,422.385967
314.277272,200,423.095416
314.277272,200,423.847622
314.277272,200,424.565701
314.277272,200,425.446797
314.277272,200,426.170374
314.277272,200,426.991714
306.660389,200,427.738199
314.289371,200,428.485898
314.277272,200,429.220522
314.277272,200,429.93745
314.277272,200,430.770089
314.277272,200,431.545861
314.277272,200,432.286195
314.277272,200,432.996924
314.286046,200,433.746878
314.277272,200,434.507595
314.277272,200,435.224204
314.277272,200,435.977914
314.277272,200,436.789863
314.277272,200,437.734676
314.277272,200,438.454108
314.277272,200,439.186347
314.277272,200,439.915219
314.277272,200,440.657804
314.277272,200,441.425636
310.521958,200,442.252116
314.277272,200,443.003987
314.277272,200,443.747458
314.277272,200,444.494344
314.277272,200,445.212787
314.277272,200,446.027586
314.277272,200,446.771238
308.060519,200,447.630543
314.279195,200,448.467104
313.956951,200,449.174332
312.343979,200,449.929655
314.003951,200,450.656912
314.277272,200,451.401506
314.277272,200,452.126182
308.068513,200,452.994845
314.277272,200,453.758594
314.277272,200,454.470125
314.277272,200,455.227077
314.277272,200,455.94756
314.277272,200,456.738886
314.277272,200,457.591905
314.277272,200,458.649913
314.277272,200,459.492505
314.277272,200,460.319983
314.277272,200,461.223786
314.277272,200,461.936582
314.277272,200,462.676069
314.277272,200,463.451033
314.277272,200,464.241555
314.277272,200,464.965986
314.277272,200,465.725809
314.277272,200,466.474431
314.277272,200,467.18153
314.277272,200,467.938004
314.277272,200,468.683632
314.277272,200,469.601574
314.277272,200,470.324815
314.277272,200,471.070417
314.277272,200,471.808682
311.48202,200,472.555988
314.277272,200,473.335488
314.277272,200,474.0486
310.175045,200,474.949257
314.277272,200,475.728119
314.277272,200,476.479559
314.277272,200,477.192543
314.277272,200,477.95038
313.785931,200,478.701809
314.277272,200,479.515754
313.004572,200,480.395386
314.277272,200,481.109051
314.277272,200,481.849757
314.277272,200,482.563601
314.277272,200,483.30341
307.841254,200,484.047445
314.277272,200,484.762966
314.277272,200,485.630868
314.277272,200,486.341049
310.689634,200,487.097295
314.277272,200,487.810205
314.277272,200,488.567791
314.277272,200,489.279638
314.277272,200,490.112594
314.277272,200,490.977656
314.277272,200,491.691389
314.277272,200,492.432373
314.277272,200,493.140965
314.277272,200,493.887648
314.277272,200,494.606223
314.277272,200,495.361789
314.277272,200,496.148571
314.277272,200,496.923634
314.277272,200,497.698929
314.277272,200,498.418665
314.277272,200,499.153836
314.277272,200,499.871635
314.277272,200,500.739934
314.277272,200,501.478526
314.277272,200,502.338632
314.277272,200,503.08331
314.277272,200,503.874816
314.277272,200,504.620894
314.277272,200,505.34989
314.277272,200,506.091933
314.277272,200,506.804314
314.277272,200,507.669544
314.277272,200,508.42658
314.277272,200,509.134416
314.277272,200,509.883589
314.277272,200,510.63498
314.277272,200,511.468717
314.277272,200,512.187568
314.277272,200,513.084569
314.277272,200,513.809126
314.277272,200,514.562299
314.277272,200,515.311971
314.277272,200,516.023656
314.277272,200,516.768528
314.277272,200,517.480063
314.277272,200,518.339673
314.277272,200,519.055852
314.277272,200,519.808997
314.277272,200,520.552777
314.277272,200,521.328722
314.277272,200,522.112761
314.277272,200,522.977583
314.277272,200,523.947789
314.277272,200,524.755367
314.277272,200,525.607803
314.277272,200,526.485506
314.277272,200,527.292583
314.277272,200,528.036898
314.277272,200,528.789388
314.277272,200,529.725549
314.277272,200,530.436205
314.277272,200,531.177086
314.277272,200,532.004203
314.277272,200,532.769778
314.277272,200,533.606117
314.277272,200,534.421968
314.277272,200,535.250998
314.277272,200,535.973238
314.277272,200,536.747381
314.277272,200,537.468668
314.277272,200,538.31045
314.277272,200,539.09338
314.277272,200,539.967746
314.277272,200,540.720563
314.277272,200,541.434927
314.277272,200,542.253905
314.277272,200,542.992023
314.277272,200,543.747061
314.277272,200,544.57743
314.277272,200,545.963431
314.210301,200,547.252441
314.277272,200,548.260432
314.277272,200,549.235433
314.277272,200,550.214437
314.277272,200,551.245437
314.277272,200,552.155439
314.198838,200,553.170944
314.277272,200,554.101495
314.277272,200,555.064909
314.277272,200,556.026317
314.277272,200,557.004318
314.277272,200,557.977561
314.277272,200,558.861562
314.277272,200,559.796562
314.277272,200,560.663566
314.277272,200,561.593795
314.277272,200,562.637798
314.277272,200,563.622813
314.277272,200,564.613796
314.277272,200,565.489795
314.277272,200,566.402808
314.277272,200,567.368665
314.277272,200,568.337662
314.277272,200,569.201908
314.277272,200,570.090356
314.277272,200,570.937349
314.277272,200,571.742283
314.277272,200,572.570706
314.277272,200,573.566703
314.277272,200,574.496702
314.277272,200,575.283414
314.277272,200,576.191435
314.277272,200,577.120439
314.277272,200,577.987462
314.277272,200,579.013441
314.277272,200,579.84344
314.277272,200,580.699443
314.277272,200,581.485454
314.277272,200,582.418692
314.277272,200,583.239691
314.277272,200,584.40069
314.277272,200,585.327693
314.277272,200,586.13669
314.277272,200,586.966692
314.277272,200,587.765689
314.277272,200,588.653788
314.277272,200,589.765792
314.157962,200,590.786105
314.277272,200,591.636752
314.277272,200,592.492296
314.277272,200,593.36885
314.277272,200,594.080596
314.277272,200,594.988801
314.277272,200,595.796527
314.277272,200,596.545537
314.277272,200,597.264405
314.277272,200,598.012568
314.277272,200,598.761246
314.277272,200,599.477878
314.277272,200,600.231872
314.277272,200,601.048848
314.277272,200,601.799663
314.277272,200,602.518584
314.277272,200,603.258423
314.277272,200,603.998371
314.277272,200,604.719171
314.277272,200,605.589627
314.277272,200,606.425355
314.277272,200,607.163925
314.277272,200,607.900097
314.277272,200,608.652317
314.277272,200,609.37292
314.277272,200,610.114517
314.277272,200,610.867026
314.277272,200,611.710054
314.277272,200,612.468983
314.277272,200,613.179988
314.277272,200,613.924533
314.277272,200,614.634004
314.277272,200,615.381578
314.277272,200,616.223841
314.277272,200,617.049871
314.277272,200,617.826884
314.277272,200,618.540477
314.277272,200,619.294106
314.277272,200,620.016495
314.277272,200,620.767377
314.277272,200,621.485632
314.277272,200,622.388609
314.277272,200,623.16197
314.277272,200,623.910916
314.277272,200,624.693652
314.277272,200,625.42476
314.277272,200,626.195589
314.277272,200,626.967365
314.277272,200,627.81019
314.277272,200,628.587834
314.277272,200,629.300573
314.277272,200,630.040728
314.277272,200,630.761614
314.277272,200,631.518275
314.277272,200,632.242131
314.277272,200,633.009882
314.277272,200,633.82776
314.277272,200,634.572665
314.277272,200,635.33363
314.277272,200,636.0491
314.277272,200,636.864374
314.277272,200,637.585635
314.277272,200,638.329623
314.277272,200,639.135077
314.277272,200,639.8838
314.277272,200,640.62875
314.277272,200,641.34345
314.277272,200,642.081307
314.277272,200,642.809395
314.277272,200,643.550782
314.277272,200,644.4058
314.277272,200,645.154162
314.277272,200,645.873639
314.277272,200,646.627457
314.277272,200,647.484169
314.277272,200,648.189511
314.277272,200,648.933913
314.277272,200,649.765103
314.277272,200,650.521695
314.277272,200,651.239527
314.277272,200,651.980047
314.277272,200,652.795523
314.277272,200,653.531472
314.277272,200,654.382175
314.277272,200,655.409178
314.277272,200,656.273201
314.277272,200,657.088118
314.277272,200,657.984114
314.277272,200,658.75668
314.277272,200,659.530283
314.277272,200,660.287031
314.277272,200,661.094773
314.277272,200,661.841965
314.277272,200,662.566355
314.277272,200,663.313186
314.277272,200,664.019322
314.277272,200,664.7723
314.277272,200,665.537896
314.277272,200,666.378422
314.277272,200,667.126262
314.277272,200,667.855521
314.277272,200,668.716405
314.277272,200,669.451642
314.277272,200,670.223217
314.277272,200,670.936537
314.277272,200,671.802424
314.277272,200,672.557631
314.277272,200,673.270767
314.277272,200,674.027378
314.277272,200,674.745836
314.277272,200,675.508845
314.277272,200,676.225617
314.277272,200,677.088283
314.277272,200,677.880419
314.277272,200,678.686817
314.277272,200,679.47279
314.277272,200,680.18491
314.277272,200,680.943617
314.277272,200,681.671965
314.277272,200,682.622053
314.277272,200,683.366838
314.277272,200,684.106321
314.277272,200,684.874131
314.277272,200,685.606452
314.277272,200,686.355673
314.277272,200,687.06179
314.277272,200,687.923538
314.277272,200,688.679112
314.277272,200,689.525628
314.277272,200,690.291277
314.277272,200,691.005827
314.277272,200,691.759091
314.277272,200,692.560062
314.277272,200,693.645063
314.277272,200,694.367887
314.277272,200,695.117743
314.277272,200,695.839364
314.277272,200,696.5938
314.277272,200,697.336425
314.277272,200,698.049106
314.277272,200,698.922472
314.277272,200,699.748583
314.277272,200,700.519979
314.277272,200,701.260516
314.277272,200,702.143923
314.277272,200,702.91327
314.277272,200,703.641413
314.277272,200,704.503696
314.277272,200,705.221675
314.277272,200,705.971781
314.277272,200,706.689749
314.277272,200,707.536268
314.277272,200,708.502273
314.277272,200,709.275649
314.277272,200,710.239331
314.277272,200,710.951855
314.277272,200,711.702746
314.277272,200,712.532439
314.277272,200,713.318413
314.277272,200,714.041126
314.277272,200,714.881145
314.277272,200,715.752731
314.277272,200,716.477483
314.277272,200,717.238294
314.277272,200,717.972415
314.277272,200,718.722942
314.277272,200,719.444518
314.277272,200,720.481247
314.277272,200,721.423274
314.277272,200,722.285846
314.277272,200,723.092974
314.277272,200,723.876026
314.260713,200,724.725998
314.277272,200,725.455029
314.277272,200,726.322646
314.277272,200,727.039448
314.277272,200,727.792855
314.277272,200,728.543074
314.277272,200,729.253855
314.277272,200,729.997665
314.277272,200,730.710157
314.277272,200,731.675076
314.277272,200,732.393186
307.931498,200,733.13553
314.277272,200,733.858919
314.277272,200,734.60305
314.277272,200,735.354881
314.277272,200,736.080801
314.277272,200,736.87608
314.277272,200,737.699887
314.277272,200,738.45426
314.277272,200,739.161729
314.277272,200,739.912426
314.277272,200,740.663756
314.277272,200,741.423653
314.277272,200,742.364557
314.277272,200,743.152977
314.277272,200,743.932766
314.277272,200,744.650895
314.277272,200,745.418331
314.277272,200,746.129561
314.277272,200,746.878065
308.626855,200,747.660356
314.270814,200,748.486018
314.277272,200,749.231929
314.210716,200,749.939772
314.277272,200,750.692494
314.264389,200,751.405678
314.257532,200,752.27539
314.229608,200,753.021085
314.277272,200,753.861307
314.19443,200,754.614519
314.262772,200,755.335781
314.277272,200,756.082015
314.277272,200,756.792873
312.900926,200,757.550237
314.277272,200,758.260817
310.177258,200,759.143102
314.277272,200,759.897796
314.277272,200,760.626977
314.277272,200,761.372351
314.277272,200,762.081687
314.247198,200,762.926176
313.501288,200,763.645849
314.277272,200,764.498441
314.26763,200,765.246699
308.684476,200,765.957613
314.277272,200,766.704812
314.273521,200,767.42537
312.911654,200,768.172899
313.664051,200,768.890689
313.82723,200,769.732213
314.079218,200,770.512692
314.284683,200,771.259813
314.207806,200,772.00522
313.345933,200,772.846948
314.227413,200,773.708843
311.129553,200,774.424497
312.575014,200,775.321759
314.244142,200,776.036319
307.500817,200,776.796928
314.277272,200,777.544854
314.279478,200,778.258903
314.28066,200,778.997795
308.653494,200,779.716834
314.277272,200,780.517279
314.175278,200,781.29536
314.277272,200,782.039012
314.282581,200,782.766741
313.656394,200,783.619173
313.473089,200,784.385478
314.277272,200,785.098404
314.277272,200,786.039023
314.277272,200,786.895302
314.27946,200,787.74783
314.273739,200,788.530491
306.90832,200,789.336986
308.492122,200,790.140174
314.277272,200,790.916022
314.277272,200,791.774299
314.277272,200,792.49864
308.044783,200,793.239695
312.729247,200,794.06607
314.257957,200,794.848903
314.277272,200,795.569388
314.199153,200,796.316699
314.268505,200,797.168256
314.171308,200,797.976591
314.277272,200,798.724167
313.959563,200,799.448021
306.633149,200,800.189618
308.227072,200,800.915837
314.277272,200,801.670135
313.899998,200,802.537217
314.102107,200,803.305071
306.86173,200,804.046862
305.361532,200,804.875023
313.901595,200,805.632885
314.162861,200,806.354136
314.279743,200,807.10727
308.754604,200,807.910893
311.299388,200,808.711545
308.484907,200,809.460063
313.491963,200,810.189507
306.700827,200,810.9456
310.988693,200,811.670234
306.390681,200,812.547434
307.906843,200,813.351533
307.174458,200,814.136084
307.522463,200,814.982521
311.836398,200,815.732505
313.732646,200,816.476276
308.119468,200,817.185708
311.072047,200,817.932804
306.829962,200,818.71235
307.711529,200,819.537219
313.791544,200,820.253722
305.479649,200,821.059887
314.243023,200,821.849581
313.644804,200,822.617154
310.764625,200,823.362801
308.606603,200,824.118527
314.277272,200,824.955158
307.052293,200,825.777831
314.253815,200,826.528825
314.272495,200,827.334435
307.50969,200,828.043675
314.277272,200,828.79102
314.006119,200,829.519519
313.860075,200,830.370897
314.222646,200,831.086876
305.666443,200,831.842817
314.277272,200,832.591296
314.277272,200,833.363361
306.346502,200,834.109175
307.414393,200,834.849556
314.277272,200,835.781528
314.277272,200,836.641528
314.277272,200,837.807531
307.730646,200,838.734603
314.277272,200,839.49677
312.066949,200,840.253541
311.236443,200,841.110543
314.277272,200,841.85718
314.277272,200,842.598924
314.277272,200,843.342965
314.157115,200,844.054266
307.620772,200,844.826822
314.277272,200,845.569117
314.179775,200,846.535047
314.277272,200,847.283649
314.277272,200,847.989841
314.277272,200,848.743369
314.277272,200,849.459772
314.277272,200,850.207166
314.277272,200,850.916871
314.277272,200,851.91657
314.277272,200,852.787428
314.277272,200,853.572026
314.277272,200,854.425338
314.277272,200,855.190683
314.277272,200,856.098679
314.277272,200,856.910034
314.198301,200,857.852565
314.277272,200,858.573628
314.277272,200,859.317961
314.277272,200,860.062474
312.031017,200,860.807267
314.277272,200,861.556343
314.277272,200,862.292361
314.277272,200,863.141696
314.179604,200,863.896701
309.070291,200,864.651987
314.277272,200,865.482259
314.186249,200,866.18748
314.277272,200,866.938104
314.277272,200,867.809791
313.292283,200,868.65497
314.277272,200,869.381295
314.279941,200,870.124541
314.277272,200,870.844358
314.271898,200,871.598092
314.277272,200,872.360867
314.277272,200,873.072359
314.277272,200,873.941569
314.281129,200,874.663246
311.807168,200,875.423113
314.277272,200,876.13203
306.969878,200,876.881227
314.277272,200,877.681476
306.345775,200,878.47905
314.277272,200,879.348515
314.277272,200,880.066486
314.277272,200,880.820445
314.277272,200,881.532663
314.277272,200,882.278817
314.257374,200,882.992642
314.228479,200,883.749086
314.277272,200,884.618198
314.277272,200,885.332127
314.261097,200,886.068825
314.277272,200,886.784463
314.277272,200,887.535717
314.195009,200,888.315982
313.421125,200,889.094171
314.277272,200,889.952134
314.277272,200,890.685622
314.277272,200,891.426606
312.576355,200,892.137506
314.277272,200,892.904966
314.26546,200,893.655828
313.050869,200,894.417448
314.277272,200,895.230507
309.777272,200,896.093321
314.277272,200,896.85734
314.277272,200,897.568472
314.277272,200,898.313359
314.277272,200,899.114769
314.277272,200,899.863235
314.277272,200,900.642683
314.277272,200,901.442642
314.254384,200,902.18384
314.277272,200,902.910932
314.277272,200,903.660707
314.277272,200,904.37326
314.20116,200,905.117861
307.751161,200,905.83132
314.277272,200,906.703773
314.277272,200,907.426986
314.277272,200,908.169072
314.277272,200,908.91436
314.277272,200,909.727894
314.277658,200,910.482441
313.241357,200,911.189239
314.277272,200,912.041616
313.951544,200,912.771588
314.277272,200,913.52969
314.277272,200,914.290628
314.218317,200,915.007717
313.783958,200,915.762154
314.277272,200,916.474422
314.277272,200,917.488884
314.277272,200,918.286685
307.25522,200,919.128949
314.277272,200,920.033792
314.277272,200,920.934722
314.277272,200,921.779235
314.277272,200,922.602106
314.277272,200,923.463588
314.25422,200,924.167457
314.212789,200,924.923126
310.635809,200,925.650163
312.216876,200,926.407104
314.277272,200,927.147394
314.277272,200,927.949884
314.277272,200,928.752945
314.282819,200,929.467828
314.277272,200,930.302725
308.002015,200,931.028599
313.798274,200,931.777069
310.673093,200,932.514039
309.007686,200,933.330078
310.461174,200,934.132163
312.605987,200,934.859684
314.277272,200,935.623002
312.511563,200,936.339889
314.277272,200,937.084048
314.277272,200,937.803508
314.282292,200,938.553411
313.503464,200,939.414557
314.250208,200,940.12
314.262119,200,940.969475
312.816588,200,941.691356
314.238134,200,942.439419
314.260114,200,943.142629
314.277272,200,943.896152
314.277272,200,944.721839
314.277272,200,945.475827
314.277272,200,946.222898
314.277272,200,946.943854
314.277272,200,947.707719
314.277272,200,948.430872
314.277272,200,949.165173
308.81414,200,950.010073
314.277272,200,950.777304
314.277272,200,951.63757
314.277272,200,952.37595
309.586133,200,953.11632
312.976066,200,953.920712
307.771793,200,954.669123
314.277272,200,955.550117
314.277272,200,956.295462
314.277272,200,957.014213
314.277272,200,957.765728
309.674262,200,958.533674
314.277272,200,959.243719
314.277272,200,959.990061
314.277272,200,960.833418
314.277272,200,961.658788
314.277272,200,962.398892
314.277272,200,963.138762
314.277272,200,963.890768
311.117907,200,964.612529
314.277272,200,965.359523
306.451249,200,966.176699
314.277272,200,966.931602
310.395716,200,967.651945
314.277272,200,968.394191
309.237616,200,969.10857
309.055829,200,969.880294
308.814359,200,970.640918
309.176272,200,971.42726
310.103599,200,972.352281
310.881539,200,973.063723
306.676734,200,973.817563
313.71871,200,974.531621
305.716106,200,975.285524
309.283777,200,976.031075
305.934443,200,976.782032
310.555284,200,977.647057
308.535003,200,978.364839
314.277272,200,979.105366
314.282949,200,979.822556
314.277272,200,980.573663
306.791777,200,981.289485
314.277272,200,982.035092
306.241256,200,983.152133
309.363061,200,984.052258
310.996495,200,984.878733
306.902449,200,985.706092
311.302838,200,986.606714
313.897179,200,987.391822
307.937893,200,988.257041
310.828844,200,989.00997
309.125454,200,989.733786
314.182978,200,990.488923
312.524279,200,991.209683
308.291591,200,991.95293
310.492967,200,992.83997
314.245067,200,994.14297
305.915156,200,995.120968
313.116703,200,996.138744
314.249702,200,997.185743
313.787864,200,998.154775
306.814056,200,999.010318
308.487969,200,999.734329
309.892392,200,1000.486554
313.552202,200,1001.204424
313.50729,200,1001.945365
311.712514,200,1002.69394
311.815373,200,1003.424502
306.654927,200,1004.337904
314.171011,200,1005.111517
83.288124,200,1005.943784
314.277272,200,1006.663493
313.706789,200,1007.414232
313.305493,200,1008.124871
314.147712,200,1008.875968
306.819152,200,1009.676071
307.567352,200,1010.477801
310.349936,200,1011.23639
310.796085,200,1011.949608
306.981495,200,1012.711524
314.277272,200,1013.518162
314.140867,200,1014.35397
311.005511,200,1015.17525
314.246541,200,1015.963743
314.277272,200,1016.737774
314.25047,200,1017.462443
314.17902,200,1018.211249
314.277272,200,1018.926347
314.277272,200,1019.670929
314.277272,200,1020.386523
314.277272,200,1021.243968
312.8513,200,1021.996047
308.024247,200,1022.712617
309.280404,200,1023.463704
314.061388,200,1024.165768
307.893818,200,1025.018361
307.886204,200,1025.738357
314.277272,200,1026.613874
306.444672,200,1027.358452
305.688414,200,1028.069744
313.776735,200,1028.833858
313.801301,200,1029.547797
314.277272,200,1030.29985
305.69262,200,1031.007032
314.241486,200,1031.870174
310.162671,200,1032.596545
311.116163,200,1033.339101
306.879303,200,1034.09236
309.655902,200,1034.811107
314.04884,200,1035.667857
312.939902,200,1036.383199
311.530286,200,1037.283378
314.278578,200,1037.999834
312.148936,200,1038.746955
306.501572,200,1039.501156
314.118704,200,1040.2145
306.809105,200,1040.973407
309.6052,200,1041.699681
310.753627,200,1042.574269
307.300136,200,1043.393124
83.244236,200,1044.387766
307.177489,200,1045.288767
305.795048,200,1046.142839
305.703984,200,1046.901313
309.001995,200,1047.630758
83.161516,200,1048.714756
308.313871,200,1049.52673
308.47045,200,1050.402805
306.345241,200,1051.235428
310.876634,200,1052.13319
304.369376,200,1052.948481
307.054773,200,1053.794409
312.325161,200,1054.654847
302.839436,200,1055.376334
311.921269,200,1056.251814
310.317578,200,1056.979111
310.828347,200,1057.733962
309.529654,200,1058.453603
313.183733,200,1059.31711
309.490122,200,1060.06541
313.462054,200,1060.794689
306.279932,200,1061.543887
311.713381,200,1062.256736
314.19283,200,1063.049211
310.466085,200,1063.825794
306.88364,200,1064.752306
314.281884,200,1065.51154
312.489458,200,1066.23997
307.57981,200,1067.089352
314.277272,200,1067.81278
314.270178,200,1068.558623
314.277272,200,1069.271183
314.028773,200,1070.122542
314.277272,200,1070.846566
306.860573,200,1071.595041
310.232907,200,1072.362324
314.196292,200,1073.082744
306.556874,200,1073.921437
308.535784,200,1074.635872
314.277272,200,1075.547824
312.345733,200,1076.268707
313.822998,200,1077.109997
314.238732,200,1077.869883
313.454286,200,1078.589453
314.269509,200,1079.33466
313.732513,200,1080.047162
307.735315,200,1080.923178
309.649932,200,1081.6371
307.540386,200,1082.380964
305.127216,200,1083.100423
308.845011,200,1083.853164
305.860988,200,1084.599737
314.150828,200,1085.324361
313.508284,200,1086.183462
308.571245,200,1086.918429
306.149559,200,1087.770459
307.178069,200,1088.494393
312.670371,200,1089.246712
314.233308,200,1089.994377
312.895943,200,1090.714024
306.931397,200,1091.571643
314.277272,200,1092.29092
307.344477,200,1093.034474
306.814983,200,1093.759011
310.452468,200,1094.512056
308.873708,200,1095.235245
303.963719,200,1095.988006
305.730211,200,1096.771694
309.716786,200,1097.588386
306.719065,200,1098.465871
308.600054,200,1099.170585
306.205923,200,1099.922426
308.476385,200,1100.646914
314.277272,200,1101.38969
314.277272,200,1102.157542
313.34849,200,1102.996873
314.273672,200,1103.840453
314.277272,200,1104.558939
311.55202,200,1105.312455
314.277272,200,1106.024636
313.699418,200,1106.769625
311.789271,200,1107.497008
313.584305,200,1108.438748
314.277272,200,1109.22222
310.374604,200,1109.927759
314.226511,200,1110.696913
83.127215,200,1111.500604
314.277272,200,1112.25642
314.277272,200,1112.97326
314.277272,200,1113.892576
306.963602,200,1114.79672
314.277272,200,1115.63736
314.277272,200,1116.495322
314.277272,200,1117.341699
314.244149,200,1118.144531
311.416715,200,1119.083737
314.133068,200,1119.835758
314.277272,200,1120.560505
314.066748,200,1121.310475
314.219627,200,1122.069341
314.273243,200,1122.786701
314.277272,200,1123.540598
314.255469,200,1124.368991
314.277272,200,1125.113733
314.277272,200,1125.82803
314.229941,200,1126.581529
314.277272,200,1127.330047
314.094253,200,1128.038418
314.277272,200,1128.778262
314.277272,200,1129.679634
314.277272,200,1130.443784
314.277272,200,1131.148544
314.277272,200,1131.897942
314.277272,200,1132.633195
314.277272,200,1133.484696
313.594391,200,1134.227378
310.90248,200,1135.042417
314.277272,200,1135.84078
314.277272,200,1136.570908
314.277272,200,1137.32855
314.277272,200,1138.043933
314.277272,200,1138.795927
314.277272,200,1139.563568
307.647581,200,1140.449524
314.278099,200,1141.249451
314.277272,200,1141.970011
314.131555,200,1142.71983
314.277272,200,1143.431697
314.277272,200,1144.171206
312.85371,200,1144.94087
312.500002,200,1145.81371
314.277272,200,1146.630389
314.277272,200,1147.343686
314.036933,200,1148.088959
314.277272,200,1148.806832
314.277272,200,1149.5574
314.277272,200,1150.439947
314.277272,200,1151.259889
314.26445,200,1152.065289
314.277272,200,1152.781771
314.277272,200,1153.524635
314.134987,200,1154.25038
314.228758,200,1154.999198
314.277272,200,1155.71617
314.281944,200,1156.479809
312.345436,200,1157.336079
307.955817,200,1158.086171
314.220939,200,1158.847141
314.277272,200,1159.559542
309.046975,200,1160.308328
314.275803,200,1161.130439
314.277272,200,1161.88247
314.277272,200,1162.780369
314.277272,200,1163.560662
314.277272,200,1164.304082
313.72381,200,1165.018107
314.277272,200,1165.785204
314.277272,200,1166.502221
314.277272,200,1167.25326
314.277272,200,1168.0847
312.831602,200,1168.86119
313.645164,200,1169.575958
312.26332,200,1170.332717
314.277272,200,1171.101453
314.273932,200,1171.895966
314.273148,200,1172.653288
314.277272,200,1173.470796
314.277272,200,1174.255188
314.277272,200,1174.974741
314.277272,200,1175.725162
314.281988,200,1176.47443
314.277272,200,1177.185256
314.277272,200,1177.933836
314.272478,200,1178.777814
314.146009,200,1179.526758
314.277272,200,1180.414289
314.277272,200,1181.319708
314.277272,200,1182.182506
314.277272,200,1183.041873
314.277272,200,1183.886271
314.277272,200,1184.724403
314.277272,200,1185.472615
313.823734,200,1186.207251
314.277272,200,1186.951406
310.722031,200,1187.676639
314.277272,200,1188.424886
314.277272,200,1189.171088
314.277272,200,1190.003724
314.277272,200,1190.754359
313.376689,200,1191.471943
314.277272,200,1192.41636
314.277272,200,1193.147462
314.277272,200,1193.936702
314.277272,200,1194.693253
311.746529,200,1195.555549
312.187116,200,1196.310401
314.277272,200,1197.02266
314.277272,200,1197.772182
309.090661,200,1198.493245
314.277272,200,1199.239001
314.277272,200,1199.946765
314.277272,200,1200.817077
314.277272,200,1201.578545
314.277272,200,1202.295311
314.277272,200,1203.154555
314.277272,200,1203.882741
314.196063,200,1204.634643
314.277272,200,1205.351065
314.277272,200,1206.215643
314.277272,200,1206.927199
314.277272,200,1207.67604
314.277272,200,1208.426573
314.277272,200,1209.129364
314.277272,200,1209.877143
314.277272,200,1210.597729
314.205438,200,1211.471468
312.832545,200,1212.1849
314.27142,200,1212.931259
314.277272,200,1213.778706
314.277272,200,1214.668706
314.277272,200,1215.449475
314.277272,200,1216.15533
314.277272,200,1217.018113
306.52419,200,1217.81382
314.277272,200,1218.562517
314.277272,200,1219.271835
314.277272,200,1220.016477
314.277272,200,1220.765968
314.277272,200,1221.483283
314.277272,200,1222.356814
314.277272,200,1223.068188
310.914046,200,1223.950059
314.277272,200,1224.667261
314.277272,200,1225.420248
314.277272,200,1226.159911
314.277272,200,1226.897976
314.277272,200,1227.773291
314.277272,200,1228.504801
314.277272,200,1229.249998
314.277272,200,1229.960103
314.277272,200,1230.711942
306.805222,200,1231.431763
314.277272,200,1232.182583
314.277272,200,1233.044892
314.277272,200,1233.767954
314.277272,200,1234.631656
314.277272,200,1235.346933
314.277272,200,1236.095429
314.277272,200,1236.814647
314.277272,200,1237.57024
314.277272,200,1238.420926
314.277272,200,1239.148787
314.277272,200,1239.899548
314.175621,200,1240.625713
314.277272,200,1241.36986
314.277272,200,1242.081299
314.277272,200,1242.832265
314.277272,200,1243.56827
314.277272,200,1244.401096
314.277272,200,1245.240064
314.283137,200,1246.077715
314.277272,200,1246.916563
314.277272,200,1247.802569
314.277272,200,1248.610862
314.44454,200,1249.49082
314.277272,200,1250.309416
314.277272,200,1251.105678
314.277272,200,1251.834077
314.277272,200,1252.598135
314.277272,200,1253.349165
314.040514,200,1254.08979
314.277272,200,1254.987357
314.277272,200,1255.80993
314.277272,200,1256.524049
314.277272,200,1257.284711
314.277272,200,1258.031616
314.277272,200,1258.746528
314.277272,200,1259.492898
314.277272,200,1260.329956
314.277272,200,1261.078206
314.277272,200,1261.807805
314.277272,200,1262.611635
314.277272,200,1263.369467
314.201619,200,1264.085002
314.277272,200,1264.837125
312.502621,200,1265.728599
314.277272,200,1266.502722
312.388079,200,1267.220376
314.258546,200,1267.962964
314.277272,200,1268.674726
306.927536,200,1269.428434
314.277272,200,1270.169858
306.063563,200,1270.936772
314.271732,200,1271.742243
314.281071,200,1272.455764
309.585257,200,1273.204334
311.156097,200,1273.952242
314.277272,200,1274.697659
314.164864,200,1275.461903
310.163506,200,1276.33625
306.442087,200,1277.160604
310.919295,200,1277.983673
310.296491,200,1278.731253
309.800735,200,1279.452652
312.204777,200,1280.21252
305.999986,200,1280.919841
314.277272,200,1281.683051
314.277272,200,1282.55622
311.987237,200,1283.311164
314.277272,200,1284.110451
314.23806,200,1284.826316
309.259482,200,1285.664383
314.083514,200,1286.406814
308.916757,200,1287.305683
308.418756,200,1288.111291
313.258979,200,1288.82597
314.277272,200,1289.56893
309.86025,200,1290.287339
308.69865,200,1291.029063
310.769244,200,1291.758359
312.098022,200,1292.588275
307.267343,200,1293.402721
306.766542,200,1294.150423
311.256441,200,1294.905366
308.166428,200,1295.623877
310.485705,200,1296.377357
305.700591,200,1297.219228
310.666936,200,1297.971867
306.937198,200,1298.80787
305.273516,200,1299.561869
309.82693,200,1300.316393
308.207837,200,1301.025097
306.458975,200,1301.778111
305.952369,200,1302.499137
314.275682,200,1303.241685
314.037391,200,1304.062002
311.567427,200,1304.819653
307.166867,200,1305.541514
305.968994,200,1306.296083
314.082349,200,1307.033845
313.16346,200,1307.875951
309.507242,200,1308.643237
313.782482,200,1309.468936
314.277272,200,1310.223958
314.277272,200,1310.939767
306.333057,200,1311.857935
314.315986,200,1312.723804
313.594047,200,1313.528804
311.60351,200,1314.388013
307.010588,200,1315.379165
314.22409,200,1316.265166
313.088061,200,1316.989511
314.263252,200,1317.744525
308.775295,200,1318.566682
309.206225,200,1319.311681
311.980832,200,1320.166727
307.724513,200,1320.902541
311.049261,200,1321.648937
313.001564,200,1322.37451
314.277272,200,1323.118304
309.657205,200,1323.839598
314.156876,200,1324.589071
305.210052,200,1325.388553
313.477701,200,1326.15993
314.277272,200,1326.909955
313.724311,200,1327.627275
308.878464,200,1328.403781
314.215911,200,1329.166711
314.277124,200,1329.915176
314.277272,200,1330.644651
314.277272,200,1331.494927
312.285814,200,1332.245772
314.277272,200,1332.975367
314.277272,200,1333.727127
312.649338,200,1334.452594
314.277272,200,1335.201086
313.976153,200,1335.914066
314.277272,200,1336.780985
314.277272,200,1337.573606
313.929403,200,1338.289456
314.277272,200,1339.122909
309.966505,200,1339.847246
314.277272,200,1340.594024
313.992686,200,1341.311956
314.277272,200,1342.163615
314.277272,200,1342.90585
314.277272,200,1343.736001
306.066615,200,1344.492699
314.277272,200,1345.212016
314.277272,200,1345.9698
314.277272,200,1346.682549
314.277272,200,1347.559974
312.995623,200,1348.280041
314.277272,200,1349.0206
314.277272,200,1349.872436
314.277272,200,1350.589876
314.277272,200,1351.335432
306.246686,200,1352.052625
314.277272,200,1352.933632
314.277363,200,1353.652018
314.277272,200,1354.401518
307.427164,200,1355.115336
314.277272,200,1355.882956
314.277272,200,1356.630161
313.735726,200,1357.3585
310.73826,200,1358.218606
314.277272,200,1358.932569
309.4474,200,1359.695468
314.277272,200,1360.50278
314.277272,200,1361.247908
314.277272,200,1361.988246
314.277272,200,1362.702945
314.277272,200,1363.549871
314.277272,200,1364.295161
314.277272,200,1365.039185
314.277272,200,1365.750734
314.277272,200,1366.50306
314.277272,200,1367.217635
314.277272,200,1367.976392
314.277272,200,1368.742976
314.277272,200,1369.551211
314.277272,200,1370.377331
314.277272,200,1371.130996
314.277272,200,1371.879154
314.277272,200,1372.607717
314.277272,200,1373.454958
314.188417,200,1374.253966
314.277272,200,1375.073182
314.277272,200,1375.832494
310.573459,200,1376.727862
314.277272,200,1377.601861
314.277272,200,1378.419248
314.277272,200,1379.232489
314.277272,200,1380.18246
310.929472,200,1381.176461
310.809946,200,1381.984969
309.670474,200,1382.704998
314.277272,200,1383.457804
307.477814,200,1384.170531
312.495447,200,1384.925718
314.135512,200,1385.758442
314.277272,200,1386.507987
314.269475,200,1387.251642
314.277272,200,1387.96495
314.277272,200,1388.714694
314.277272,200,1389.436963
314.277272,200,1390.173111
313.727952,200,1391.0085
314.277272,200,1391.906677
314.22113,200,1392.634501
314.277272,200,1393.383982
314.277272,200,1394.13639
314.277272,200,1394.857712
313.621429,200,1395.617822
314.264063,200,1396.45938
308.077081,200,1397.202675
309.564658,200,1397.944228
313.963419,200,1398.693604
313.756362,200,1399.443475
307.451397,200,1400.145103
314.244107,200,1400.894827
312.145653,200,1401.741403
307.733809,200,1402.577239
314.277272,200,1403.37709
305.69469,200,1404.117011
312.221322,200,1404.843554
309.233896,200,1405.607253
309.989856,200,1406.354064
310.020634,200,1407.193551
313.539645,200,1407.952446
308.935607,200,1408.672156
305.865508,200,1409.422587
306.340305,200,1410.125324
307.287162,200,1410.884254
309.327104,200,1411.639126
307.587838,200,1412.536708
308.235785,200,1413.314222
306.844537,200,1414.03329
305.763675,200,1414.800026
308.078897,200,1415.534063
304.180217,200,1416.279678
306.339691,200,1417.099254
314.142445,200,1417.929667
311.996455,200,1418.72239
83.199778,200,1419.519403
313.080134,200,1420.265098
309.923266,200,1420.981252
306.698743,200,1421.731556
309.660764,200,1422.452957
82.936461,200,1423.47865
306.41563,200,1424.225124
305.275081,200,1424.988498
308.345242,200,1425.798162
302.926959,200,1426.525898
314.251631,200,1427.279635
305.856915,200,1427.998651
310.554911,200,1428.849177
311.709511,200,1429.586857
305.253133,200,1430.339973
310.71176,200,1431.087916
307.898818,200,1431.806894
307.091925,200,1432.567954
306.394303,200,1433.467688
304.791841,200,1434.345424
306.949322,200,1435.091371
306.921647,200,1435.859622
305.150002,200,1436.611913
304.500185,200,1437.347443
305.605945,200,1438.09765
307.83019,200,1438.825738
314.133421,200,1439.646541
304.952935,200,1440.410736
307.15041,200,1441.155162
305.479409,200,1441.873675
82.877554,200,1442.862195
304.77296,200,1443.753618
308.355069,200,1444.608041
83.087928,200,1445.609817
305.404342,200,1446.48418
83.175677,200,1447.41202
82.888308,200,1448.209722
82.94837,200,1449.046149
304.423045,200,1449.798788
304.655036,200,1450.638286
299.233,200,1451.410109
83.152428,200,1452.206129
302.055047,200,1452.950945
83.005174,200,1453.75451
82.902628,200,1454.705172
303.935902,200,1455.433072
83.02825,200,1456.35717
82.795269,200,1457.189086
82.84806,200,1458.015457
83.172885,200,1458.843496
83.085091,200,1459.639642
296.688579,200,1460.406464
82.889918,200,1461.235438
303.740828,200,1462.059194
83.135744,200,1462.912476
82.897449,200,1463.801692
306.416686,200,1464.579313
298.511212,200,1465.409017
82.901613,200,1466.235498
306.981323,200,1467.054073
82.833228,200,1467.891126
303.271217,200,1468.626531
303.320037,200,1469.377702
83.042596,200,1470.20419
83.015222,200,1470.994505
83.033978,200,1471.819653
302.344478,200,1472.679362
82.982076,200,1473.511428
82.98693,200,1474.313233
82.806234,200,1475.203176
83.167462,200,1476.065068
300.202505,200,1476.793166
83.020924,200,1477.686892
301.472623,200,1478.463427
300.872294,200,1479.215402
83.041861,200,1480.00217
305.794557,200,1480.756129
83.034698,200,1481.553105
82.858497,200,1482.37866
305.013552,200,1483.232444
83.17009,200,1484.041678
303.557987,200,1484.812552
303.177042,200,1485.577407
83.006687,200,1486.483199
82.840475,200,1487.281545
300.797667,200,1488.032192
83.037431,200,1488.96878
82.967075,200,1489.76975
83.046273,200,1490.605103
83.154774,200,1491.398947
82.923656,200,1492.236752
82.184351,200,1493.027607
82.45846,200,1494.028302
82.114394,200,1494.888245
82.62226,200,1495.739003
82.781296,200,1496.674685
82.636198,200,1497.480703
83.053309,200,1498.306849
82.383345,200,1499.094241
282.789135,200,1499.967937
82.842961,200,1500.773458
82.521499,200,1501.607139
82.835492,200,1502.433305
82.458514,200,1503.222203
82.085233,200,1504.039858
80.8143,200,1504.942764
82.393082,200,1505.788373
82.093085,200,1506.626153
82.14111,200,1507.506057
81.576346,200,1508.373624
81.295546,200,1509.338354
81.770362,200,1510.293724
82.709718,200,1511.279123
81.713596,200,1512.168387
301.23126,200,1513.01591
81.971371,200,1513.856821
83.113131,200,1514.660574
83.112694,200,1515.498162
82.258897,200,1516.434973
82.603318,200,1517.35304
82.623625,200,1518.172948
299.292366,200,1518.907323
82.787571,200,1519.736506
82.562145,200,1520.538306
82.978665,200,1521.475237
82.792457,200,1522.290944
82.985592,200,1523.107305
82.958773,200,1524.017416
82.693327,200,1524.818388
82.663912,200,1525.651442
82.800589,200,1526.484771
297.367672,200,1527.334249
83.131391,200,1528.236684
298.209045,200,1528.989864
83.101579,200,1529.819108
83.183413,200,1530.6249
83.071138,200,1531.463294
302.585606,200,1532.316336
83.206788,200,1533.148507
302.297781,200,1533.875609
82.302632,200,1534.712412
303.468433,200,1535.447976
82.932585,200,1536.278853
82.776058,200,1537.113792
299.413657,200,1538.007762
298.268619,200,1538.818749
301.010253,200,1539.541577
82.728125,200,1540.370375
82.491816,200,1541.157284
82.744048,200,1541.99434
82.73803,200,1542.862251
82.838365,200,1543.745308
82.58589,200,1544.56838
82.305895,200,1545.362153
81.903878,200,1546.190737
82.111,200,1547.117924
298.382682,200,1547.884134
82.455017,200,1548.879763
82.626674,200,1549.707107
81.75926,200,1550.530266
82.766208,200,1551.322273
82.819569,200,1552.143245
82.699775,200,1552.948567
82.96383,200,1554.0046
82.886612,200,1554.827358
82.641083,200,1555.673986
82.950173,200,1556.501994
82.525824,200,1557.309547
82.561735,200,1558.129854
82.138257,200,1558.979748
82.173477,200,1559.960402
82.566022,200,1560.762136
82.761835,200,1561.580191
82.800395,200,1562.374563
82.847016,200,1563.196044
82.953514,200,1564.018492
82.785315,200,1564.926579
274.406408,200,1565.708069
82.807635,200,1566.503611
82.42517,200,1567.336576
83.145312,200,1568.302191
82.446291,200,1569.240444
82.808679,200,1570.375444
82.545308,200,1571.165836
298.072011,200,1571.927359
82.94914,200,1572.724063
82.746725,200,1573.548735
82.660989,200,1574.462376
299.463122,200,1575.32875
82.402648,200,1576.370598
82.907924,200,1577.335617
81.705132,200,1578.255974
82.510911,200,1579.094411
83.135168,200,1579.967088
300.64081,200,1580.760036
82.980701,200,1581.693693
82.830463,200,1582.559623
82.844343,200,1583.413379
82.864552,200,1584.238335
82.824115,200,1585.033077
298.937085,200,1585.800876
82.717935,200,1586.712686
83.013509,200,1587.55307
83.05318,200,1588.346017
296.693138,200,1589.094078
82.477021,200,1589.902288
82.583791,200,1590.837621
83.112323,200,1591.674818
83.14425,200,1592.710805
293.697872,200,1593.755805
298.178268,200,1594.480889
82.917119,200,1595.311388
296.969498,200,1596.039186
83.070001,200,1596.871248
293.832131,200,1597.741637
296.799243,200,1598.46982
83.030993,200,1599.298448
82.889522,200,1600.087929
82.899032,200,1600.99727
82.850875,200,1601.831348
303.920577,200,1602.609749
82.711274,200,1603.488171
83.009096,200,1604.318135
298.268835,200,1605.067046
82.474414,200,1605.870521
288.686543,200,1606.626767
82.565273,200,1607.439526
82.967467,200,1608.379589
82.609912,200,1609.184033
82.53492,200,1610.018409
82.664695,200,1610.847603
82.680294,200,1611.742703
82.464386,200,1612.660644
82.665763,200,1613.549207
82.738233,200,1614.447655
82.450595,200,1615.277915
82.697664,200,1616.099093
82.811604,200,1616.905464
82.484582,200,1617.734525
83.054592,200,1618.56327
82.802195,200,1619.460555
82.44863,200,1620.295382
81.998132,200,1621.080305
82.441951,200,1621.966049
82.727724,200,1622.792266
82.111826,200,1623.628314
82.499529,200,1624.540409
82.019748,200,1625.386033
82.423373,200,1626.211295
82.624132,200,1627.00064
81.873007,200,1627.82721
82.351751,200,1628.621184
82.893154,200,1629.444361
82.759812,200,1630.339483
81.244421,200,1631.160229
82.896737,200,1631.99505
82.835466,200,1632.881548
82.855307,200,1633.721717
82.572896,200,1634.534411
82.738423,200,1635.487917
81.957826,200,1636.291678
81.650303,200,1637.113834
81.925619,200,1638.045652
82.371724,200,1638.835037
82.108312,200,1639.661952
82.566678,200,1640.636224
83.057313,200,1641.634856
82.07851,200,1642.552717
82.144212,200,1643.551668
290.815714,200,1644.347577
83.062246,200,1645.208257
286.432332,200,1645.962414
82.02185,200,1646.863412
82.642887,200,1647.714837
82.366017,200,1648.516375
82.870569,200,1649.338776
82.165134,200,1650.119594
82.102467,200,1650.944035
82.3881,200,1651.884847
284.430333,200,1652.620865
296.169355,200,1653.468281
82.346428,200,1654.282351
82.963421,200,1655.105996
82.245374,200,1655.902004
82.758142,200,1656.728919
82.314457,200,1657.647137
82.589207,200,1658.489269
82.311472,200,1659.312643
82.003502,200,1660.097744
81.112916,200,1660.922899
81.878618,200,1661.721112
81.879853,200,1662.621226
82.050648,200,1663.451191
82.603993,200,1664.39176
82.762459,200,1665.216537
82.689003,200,1666.012395
81.87928,200,1666.838367
82.792271,200,1667.697753
81.970581,200,1668.630823
82.584775,200,1669.423678
82.791895,200,1670.249489
82.583267,200,1671.053049
81.952738,200,1671.88576
82.856948,200,1672.731147
82.595748,200,1673.662179
82.115268,200,1674.620078
82.304732,200,1675.447221
82.756205,200,1676.267431
81.990262,200,1677.057731
81.586994,200,1677.878216
81.5769,200,1678.732913
81.619414,200,1679.617934
80.701908,200,1680.442733
82.723124,200,1681.235319
82.285139,200,1682.066365
82.405415,200,1682.861142
81.798634,200,1683.69542
80.994333,200,1684.623693
81.62497,200,1685.547295
82.608562,200,1686.366027
81.182185,200,1687.148537
82.282455,200,1687.976835
291.06572,200,1688.705857
81.84282,200,1689.548912
82.371398,200,1690.437699
82.835113,200,1691.265857
82.902943,200,1692.092471
82.812354,200,1692.895256
83.026517,200,1693.746621
83.097585,200,1694.546491
295.161683,200,1695.516841
295.980288,200,1696.245192
82.937006,200,1697.066593
82.60585,200,1697.948329
302.02186,200,1698.705587
302.995074,200,1699.463854
82.610911,200,1700.258533
82.44916,200,1701.216156
82.918647,200,1702.008671
82.162105,200,1702.851716
82.70897,200,1703.686203
83.185189,200,1704.515041
82.886648,200,1705.428087
82.810719,200,1706.548084
82.335648,200,1707.498786
296.849055,200,1708.26609
299.688,200,1709.106856
304.893588,200,1709.891886
299.183192,200,1710.676781
82.318308,200,1711.530738
82.682645,200,1712.441304
82.993963,200,1713.266634
82.988516,200,1714.058918
82.711042,200,1714.981115
302.302403,200,1715.874693
83.161207,200,1716.860903
82.921633,200,1717.752636
82.93863,200,1718.599601
303.485687,200,1719.362742
82.928295,200,1720.162497
82.569472,200,1721.006813
82.944836,200,1721.803104
301.241599,200,1722.687476
83.215352,200,1723.494372
304.82058,200,1724.254965
82.972277,200,1725.069519
306.196313,200,1725.833277
305.204395,200,1726.598984
301.215585,200,1727.440986
303.610869,200,1728.319846
82.800385,200,1729.128244
83.156192,200,1729.962427
82.947954,200,1730.77449
83.090027,200,1731.616709
304.887618,200,1732.40101
83.005656,200,1733.446622
306.086567,200,1734.213718
82.98411,200,1735.03491
303.923224,200,1735.860065
83.01078,200,1736.961116
83.082016,200,1738.260786
82.609337,200,1739.179012
82.802947,200,1740.066519
308.437426,200,1740.897907
308.180495,200,1741.721216
306.258809,200,1742.540144
306.075725,200,1743.279487
306.675699,200,1744.104283
83.129404,200,1744.979559
83.096449,200,1745.82267
83.082844,200,1746.757694
304.878418,200,1747.48753
304.977046,200,1748.35678
303.83126,200,1749.069572
303.961496,200,1749.947475
308.85792,200,1750.671057
306.725655,200,1751.445261
306.665389,200,1752.155781
306.82684,200,1752.913805
83.213429,200,1753.753309
306.24748,200,1754.499901
307.667876,200,1755.377066
305.490496,200,1756.09902
303.476953,200,1756.856531
307.382485,200,1757.61546
304.87508,200,1758.422069
309.164682,200,1759.208842
305.375486,200,1759.92573
308.718591,200,1760.794022
305.739103,200,1761.523281
304.95457,200,1762.297229
303.513068,200,1763.015474
83.029245,200,1763.955479
311.146224,200,1764.677334
306.326766,200,1765.454181
304.932221,200,1766.318718
307.192499,200,1767.036774
306.316477,200,1767.805426
307.629285,200,1768.521972
307.786743,200,1769.378564
305.797195,200,1770.098375
308.385346,200,1770.878056
311.327029,200,1771.752265
311.022134,200,1772.613381
305.135749,200,1773.46629
306.36044,200,1774.309654
305.955279,200,1775.114682
305.574792,200,1776.001128
308.696656,200,1776.965129
305.908768,200,1777.695055
304.80753,200,1778.44661
307.226431,200,1779.223357
305.070006,200,1780.029833
305.214564,200,1780.787393
305.584777,200,1781.507384
305.951518,200,1782.361062
83.151919,200,1783.179012
83.259177,200,1784.012631
305.667144,200,1784.761442
305.994767,200,1785.482258
305.839148,200,1786.23832
305.698219,200,1786.964768
305.031211,200,1787.838242
304.148145,200,1788.577597
305.958099,200,1789.323943
312.264462,200,1790.124586
303.388204,200,1790.876134
311.481738,200,1791.624763
305.280755,200,1792.357074
82.986645,200,1793.303162
304.398532,200,1794.03907
312.076813,200,1794.814988
308.995746,200,1795.608428
83.277108,200,1796.435556
306.388332,200,1797.188172
305.259072,200,1797.907213
312.521979,200,1798.783072
312.564803,200,1799.518548
307.967175,200,1800.336453
307.189548,200,1801.09442
304.745649,200,1801.84854
306.306235,200,1802.568807
308.954197,200,1803.322038
313.512041,200,1804.162393
83.075658,200,1804.978659
306.277098,200,1805.731492
308.072778,200,1806.452103
304.750702,200,1807.204877
305.627017,200,1807.915822
303.829959,200,1808.667806
309.743911,200,1809.496529
305.796585,200,1810.275092
305.278933,200,1811.120269
306.366107,200,1811.845353
308.33347,200,1812.598513
313.633789,200,1813.318548
305.87886,200,1814.066063
82.984674,200,1814.93221
304.514228,200,1815.721829
306.224431,200,1816.478351
305.131281,200,1817.190974
310.943708,200,1817.966231
306.318996,200,1818.688812
310.945157,200,1819.441255
307.256323,200,1820.174124
307.005439,200,1821.050647
304.362309,200,1821.901433
307.426378,200,1822.641744
310.657852,200,1823.484815
303.849273,200,1824.208574
306.887159,200,1824.950698
311.301152,200,1825.715909
309.840594,200,1826.53052
310.567724,200,1827.260695
302.828768,200,1828.010767
307.673694,200,1828.762495
314.002687,200,1829.478138
307.108168,200,1830.22735
310.971938,200,1830.93459
305.250403,200,1831.930589
311.430942,200,1832.673313
304.134497,200,1833.441923
303.936267,200,1834.187709
309.062895,200,1834.917816
313.232618,200,1835.674979
312.518699,200,1836.386612
309.415071,200,1837.252617
309.251952,200,1838.02653
311.395833,200,1838.927863
307.819018,200,1839.736534
307.123359,200,1840.612376
304.029496,200,1841.510814
304.150212,200,1842.512772
83.244994,200,1843.352682
307.929853,200,1844.060877
306.748227,200,1844.834796
306.493181,200,1845.554608
308.915572,200,1846.307436
307.146361,200,1847.049746
302.884071,200,1847.882648
309.537478,200,1848.641362
307.261519,200,1849.35651
304.060334,200,1850.10002
304.308813,200,1850.828557
310.418864,200,1851.581645
304.561064,200,1852.329376
305.568863,200,1853.382335
305.736849,200,1854.142565
309.500531,200,1854.891009
306.129908,200,1855.65276
306.49937,200,1856.383971
304.690535,200,1857.144279
306.371137,200,1857.868924
83.168411,200,1858.807078
312.83171,200,1859.561927
305.93551,200,1860.279826
304.417265,200,1861.028805
307.10609,200,1861.748372
306.697223,200,1862.496092
304.581687,200,1863.271141
305.619436,200,1864.183406
308.078797,200,1864.906786
309.147955,200,1865.662635
307.151496,200,1866.411027
306.846412,200,1867.11861
305.71051,200,1867.879974
302.530247,200,1868.606767
307.389761,200,1869.433436
306.480434,200,1870.202648
83.018522,200,1871.027444
83.174252,200,1871.856057
304.144882,200,1872.579461
308.392244,200,1873.332346
309.109817,200,1874.176224
83.049673,200,1875.114732
82.928186,200,1875.92837
306.379878,200,1876.67513
82.981989,200,1877.492015
301.887403,200,1878.248917
83.283038,200,1879.067182
83.019848,200,1879.865339
82.975474,200,1880.831948
304.822083,200,1881.552841
303.879607,200,1882.322684
305.551182,200,1883.043616
306.130872,200,1883.884696
299.571339,200,1884.748842
305.175225,200,1885.475504
82.963826,200,1886.409562
83.081474,200,1887.203325
297.313732,200,1887.959606
301.820479,200,1888.684852
303.674857,200,1889.444798
304.02262,200,1890.161623
83.102266,200,1891.02572
83.090398,200,1891.94232
82.838054,200,1892.821693
83.215921,200,1893.655089
83.08607,200,1894.455909
304.645362,200,1895.303708
304.842046,200,1896.021496
299.210469,200,1896.892882
298.177045,200,1897.644985
301.940588,200,1898.36611
83.083637,200,1899.1917
305.633851,200,1899.917114
300.781087,200,1900.671227
82.993121,200,1901.470199
83.091879,200,1902.418555
82.870487,200,1903.215835
82.507389,200,1904.212649
82.002705,200,1905.162437
82.994427,200,1906.134182
82.657006,200,1907.081722
83.100482,200,1908.063221
303.294828,200,1908.869148
82.56811,200,1909.664309
82.983546,200,1910.495224
83.19547,200,1911.318346
82.750153,200,1912.102333
82.972801,200,1913.073518
83.069723,200,1913.965311
297.217961,200,1914.744481
82.857607,200,1915.60413
82.968257,200,1916.504407
304.652298,200,1917.229872
301.267373,200,1917.969968
83.070782,200,1918.917215
82.941207,200,1919.717179
298.306763,200,1920.475399
304.311591,200,1921.181017
82.906485,200,1922.012952
305.869505,200,1922.736826
83.236995,200,1923.569144
82.779034,200,1924.498486
304.274631,200,1925.218862
82.826016,200,1926.093313
82.969658,200,1926.953231
303.672646,200,1927.706425
302.794074,200,1928.441658
83.179715,200,1929.368001
83.013468,200,1930.165988
303.381129,200,1930.927606
299.67358,200,1931.682566
83.011088,200,1932.475659
299.92859,200,1933.222692
82.911281,200,1934.01333
82.981186,200,1934.948545
305.967797,200,1935.673697
304.043461,200,1936.446329
300.104078,200,1937.297226
82.954181,200,1938.107688
304.380852,200,1938.876215
304.500265,200,1939.603598
301.945517,200,1940.494947
82.929177,200,1941.289593
305.110019,200,1942.03619
82.647612,200,1942.851403
302.741558,200,1943.696141
82.601692,200,1944.784142
82.983462,200,1945.766166
304.977872,200,1946.532933
83.062585,200,1947.431772
83.182481,200,1948.260364
302.443839,200,1948.974515
302.090777,200,1949.744363
82.979054,200,1950.579647
82.965169,200,1951.494409
303.994844,200,1952.260101
83.179201,200,1953.165798
303.274746,200,1953.935759
82.684355,200,1954.850069
302.756442,200,1955.77807
83.069942,200,1956.688994
83.100912,200,1957.585242
299.246069,200,1958.372872
82.869944,200,1959.168019
302.703958,200,1959.923605
82.949142,200,1960.777822
308.474144,200,1961.648909
303.902984,200,1962.554512
82.847433,200,1963.389331
301.840465,200,1964.135041
299.84963,200,1964.879075
83.024877,200,1965.705796
303.424501,200,1966.430047
296.662024,200,1967.245626
298.773955,200,1968.123628
82.941022,200,1968.960862
83.052062,200,1969.860643
82.876294,200,1970.854855
300.094546,200,1971.738497
82.922459,200,1972.71666
81.976245,200,1973.809654
82.939851,200,1974.613331
82.853429,200,1975.475663
83.177347,200,1976.274135
83.017405,200,1977.107102
305.167319,200,1977.862396
302.941247,200,1978.818418
82.632008,200,1979.652351
302.044699,200,1980.3812
301.186089,200,1981.128136
300.347178,200,1981.849844
82.493327,200,1982.677555
82.952707,200,1983.528517
303.133169,200,1984.337929
82.884755,200,1985.160935
82.725196,200,1985.971861
82.712343,200,1986.802962
302.081484,200,1987.524328
82.926559,200,1988.347229
303.099539,200,1989.263237
81.999534,200,1990.086545
82.447982,200,1990.914366
82.730142,200,1991.713503
82.919725,200,1992.541651
83.196732,200,1993.339913
82.955998,200,1994.175791
82.701954,200,1995.098247
299.777808,200,1995.862353
302.71139,200,1996.587673
82.415437,200,1997.440117
82.182854,200,1998.270241
82.956226,200,1999.060589
303.306014,200,2000.014581
82.893525,200,2000.829066
304.297941,200,2001.584569
304.488199,200,2002.317642
305.169589,200,2003.071436
82.454627,200,2003.986728
83.181051,200,2004.7909
83.071864,200,2005.745042
304.517444,200,2006.469744
303.018534,200,2007.2173
304.914025,200,2007.93789
82.921364,200,2008.778522
82.768514,200,2009.573895
305.204156,200,2010.448918
82.908679,200,2011.394449
82.096787,200,2012.19768
